{
  "Total" : {
    "transaction" : "Total",
    "sampleCount" : 9,
    "errorCount" : 0,
    "errorPct" : 0.0,
    "meanResTime" : 251.55555555555554,
    "medianResTime" : 220.0,
    "minResTime" : 122.0,
    "maxResTime" : 420.0,
    "pct1ResTime" : 420.0,
    "pct2ResTime" : 420.0,
    "pct3ResTime" : 420.0,
    "throughput" : 11.406844106463879,
    "receivedKBytesPerSec" : 75.32651101077313,
    "sentKBytesPerSec" : 1.705580640050697
  },
  "HTTP Request" : {
    "transaction" : "HTTP Request",
    "sampleCount" : 9,
    "errorCount" : 0,
    "errorPct" : 0.0,
    "meanResTime" : 251.55555555555554,
    "medianResTime" : 220.0,
    "minResTime" : 122.0,
    "maxResTime" : 420.0,
    "pct1ResTime" : 420.0,
    "pct2ResTime" : 420.0,
    "pct3ResTime" : 420.0,
    "throughput" : 11.406844106463879,
    "receivedKBytesPerSec" : 75.32651101077313,
    "sentKBytesPerSec" : 1.705580640050697
  }
}